language,count,count_distribution,bytes,bytes_distribution,percentage_sum,percentage_avg,percentage_std,percentage_median,percentage_max,percentage_min
javascript,6499,0.4399539669645275,4229974129,0.07136004107481284,2870.7374463207025,0.4417,0.4126,0.306,1.0,7.491129659730792e-08
python,4407,0.2983346872461414,5061675517,0.08539091771842242,1886.9371472604284,0.4282,0.4354,0.1917,1.0,4.899835216581732e-07
java,2058,0.13931762794476035,6080390511,0.10257673058592418,1114.5137675861204,0.5416,0.4249,0.6327,1.0,5.380775246823103e-07
go,1406,0.09518007040346602,1745791434,0.029451657300738166,1029.497777044233,0.7322,0.3753,0.9544,1.0,1.372423272888913e-06
c++,2060,0.13945301922556189,8468523373,0.1428647451049913,816.1782218132099,0.3962,0.3815,0.2722,1.0,1.939385601994826e-07
typescript,1642,0.11115624153804494,1284486248,0.021669397642150978,768.2340238845178,0.4679,0.3932,0.4255,1.0,3.2651228945230417e-06
c,2542,0.17208231789872733,12498780122,0.21085553615473998,723.8549949839913,0.2848,0.3555,0.0633,1.0,6.787849606981892e-07
php,1220,0.08258868128892499,1773382731,0.02991712494360832,706.6419985297441,0.5792,0.439,0.8045,1.0,4.853107545655034e-07
ruby,2015,0.13640671540752775,942252317,0.01589588068233728,516.3934299547541,0.2563,0.3945,0.0127,1.0,7.778888343736985e-08
html,5195,0.3516788518819388,2269959342,0.038294416689865086,510.2470376212766,0.0982,0.1882,0.0181,1.0,1.28999638514946e-06
c#,859,0.05815055510425129,3978451371,0.06711682969933963,503.69895367435385,0.5864,0.4329,0.8315,1.0,4.3050049988116185e-06
shell,7047,0.477051177904143,429181938,0.0072403375978774874,446.34833398619907,0.0633,0.1976,0.0039,1.0,4.221580810755608e-07
swift,638,0.04318981857568373,247815740,0.004180673650967651,358.1485017736992,0.5614,0.4423,0.8318,1.0,8.825509154274586e-07
objective-c,1125,0.07615759545085296,380753611,0.006423347399234959,267.94737817555983,0.2382,0.3579,0.0219,1.0,1.15249538382534e-06
css,3714,0.25142160844841593,304860389,0.005143021970743458,254.67508825099944,0.0686,0.1543,0.0111,1.0,3.3881007355251255e-07
rust,368,0.024911995667479016,353584810,0.005965007301591913,227.5800572709224,0.6184,0.4349,0.921,1.0,6.379306259557568e-06
jupyter notebook,354,0.0239642567018684,3239103622,0.054643967188078055,164.73643745663654,0.4654,0.4137,0.376,1.0,2.0645203912679046e-05
kotlin,447,0.030259951259138912,214826725,0.0036241460236995987,163.92659551292462,0.3667,0.4067,0.1191,1.0,9.231257777334678e-07
vim script,272,0.018413214189006228,87483641,0.0014758568314482902,106.5035660873063,0.3916,0.4491,0.0247,1.0,8.10231668924615e-07
scala,246,0.016653127538586516,343606877,0.005796678681366981,97.66091612534356,0.397,0.4311,0.1118,1.0,2.7807641765424503e-06
scss,988,0.06688329271594909,90224865,0.0015221015249782498,83.95562295575354,0.085,0.1484,0.028,1.0,1.7895366240973185e-07
vue,371,0.025115082588681288,63175516,0.0010657765932361087,79.53776365215138,0.2144,0.2441,0.1162,0.9695035682565752,1.0421846538147968e-05
makefile,3477,0.23537774167343622,180795391,0.0030500343818762035,65.46841840722733,0.0188,0.0802,0.0034,1.0,7.306459675218989e-07
clojure,113,0.007649607365285676,50148394,0.0008460078824458215,51.015235628559964,0.4515,0.4538,0.2493,1.0,1.1974517438694373e-06
emacs lisp,237,0.016043866774979692,32947429,0.0005558260677365669,48.46183294114428,0.2045,0.3788,0.001,1.0,9.560295618107338e-07
haskell,108,0.007311129163281885,86039733,0.0014514979746217567,44.867865377722026,0.4154,0.4367,0.1088,1.0,3.8606398578172665e-06
elixir,97,0.006566477118873545,31827262,0.0005369287504734121,43.94439505823894,0.453,0.4575,0.2009,1.0,3.61983483591659e-06
lua,412,0.027890603845112376,140668634,0.0023730924100358285,42.63534540905235,0.1035,0.235,0.0059,1.0,2.0603449280947536e-07
powershell,705,0.04772542648253453,142004481,0.002395628268148086,42.22427165060992,0.0599,0.199,0.0018,1.0,1.7984198935000375e-06
perl,665,0.0450176008665042,348703911,0.005882666099849302,38.50806978356277,0.0579,0.1747,0.003,1.0,1.0618974727371098e-07
dart,85,0.005754129434064446,149684477,0.0025251904860957314,38.31357702875434,0.4507,0.434,0.3211,1.0,1.4116818116023167e-05
r,185,0.012523693474140266,33599044,0.0005668188709421877,36.31157756614288,0.1963,0.363,0.0026,1.0,3.624899417037279e-07
tex,262,0.017736257784998648,59920617,0.0010108661566114578,34.685599946994316,0.1324,0.2874,0.0079,1.0,6.452338678207563e-07
coffeescript,182,0.01232060655293799,32914094,0.0005552637033114703,33.22247336036281,0.1825,0.3103,0.0164,1.0,4.529572497918198e-07
dockerfile,2682,0.18155970755483347,12213621,0.00020604487631659381,32.43329660138708,0.0121,0.0604,0.0012,0.9900263046557402,1.0565201290856293e-06
cmake,1153,0.07805307338207419,108189923,0.0018251736567916107,25.710914855009,0.0223,0.0507,0.0094,0.8143263917376511,2.4941570139780685e-06
assembly,449,0.030395342539940428,535405967,0.00903234644743613,22.55704069682393,0.0502,0.1463,0.0051,0.9764094876861462,1.7078622005690597e-06
erlang,66,0.004467912266450041,33710084,0.0005686921256523342,19.485363512347767,0.2952,0.417,0.0169,1.0,1.0442743545091882e-06
less,347,0.023490387219063092,50406702,0.0008503655614594069,19.107280682279644,0.0551,0.0966,0.0171,0.7909209827860771,1.7895366240973185e-07
groovy,226,0.015299214730571352,97014619,0.001636645280933187,18.247093463078706,0.0807,0.1946,0.0039,0.9998683940070449,2.5139026357464687e-06
roff,551,0.03730029786081776,283195331,0.004777530508710877,15.262491797173032,0.0277,0.0776,0.0037,0.8640188906130764,6.583220687112687e-07
ocaml,57,0.003858651502843217,179311211,0.0030249961328154573,15.023022507857181,0.2636,0.3687,0.0189,0.9903621287471767,3.011299089097468e-06
batchfile,1585,0.10729759003520173,9893074,0.0001668970413213993,13.42544126816056,0.0085,0.0641,0.0004,1.0,3.4368333348838135e-08
pug,115,0.007784998646087192,5491795,9.264707178412434e-05,13.292352651848995,0.1156,0.1728,0.0259,0.7588837451913673,1.1614312383629576e-05
julia,41,0.002775521256431086,7818943,0.0001319062662384478,11.723206517589732,0.2859,0.4403,0.0067,1.0,9.651599644543166e-07
objective-c++,275,0.018616301110208504,39146788,0.0006604098073496729,10.450607438331271,0.038,0.1215,0.0034,0.8554388325398469,4.54303209866402e-06
plpgsql,144,0.00974817221770918,46524274,0.0007848686545987732,9.983717376956129,0.0693,0.1819,0.0049,0.9901860284198112,2.7933323674738736e-06
common lisp,43,0.002910912537232602,40569722,0.0006844148309243094,9.692137152831204,0.2254,0.3859,0.0029,1.0,1.8113697143273265e-06
jinja,109,0.007378824803682643,6198661,0.00010457196429081054,9.494507163557055,0.0871,0.2196,0.0025,1.0,7.010025263924874e-06
gherkin,152,0.010289737340915246,18640078,0.0003144597794578415,9.214782395495261,0.0606,0.0969,0.015,0.5524928097535263,3.1143705798357974e-06
blade,93,0.006295694557270512,14693648,0.00024788315314512924,9.176892143579824,0.0987,0.1217,0.0648,0.7911453320500481,6.738953171014415e-06
rich text format,162,0.010966693744922826,215067551,0.003628208779812943,8.337857940012828,0.0515,0.1417,0.0037,1.0,2.8534245731692962e-06
stylus,96,0.006498781478472786,4026248,6.79231630963441e-05,8.130459112470023,0.0847,0.1515,0.0236,0.9806753897556476,5.803263401614347e-07
hcl,116,0.00785269428648795,5320706,8.976078508469836e-05,8.10763992153438,0.0699,0.2072,0.0024,1.0,6.362065808812644e-06
vala,21,0.001421608448415922,9275175,0.00015647303004487885,7.848160804917217,0.3737,0.4406,0.0332,0.9835036886861519,3.0019388446020418e-05
f#,72,0.00487408610885459,81373801,0.001372783285354615,7.669048369990384,0.1065,0.2845,0.0018,0.9996212460493148,2.4066731918634718e-06
handlebars,173,0.011711345789331168,12479359,0.00021052790009329518,7.53762930083728,0.0436,0.1286,0.0043,1.0,1.167057037520242e-07
m4,396,0.026807473598700244,39903367,0.0006731733626031667,7.211941990117155,0.0182,0.0384,0.0064,0.46616990887853055,2.8292463394585997e-06
starlark,279,0.018887083671811536,22124577,0.00037324358857393367,6.886318901516199,0.0247,0.08,0.0049,0.9953074725276383,6.611728356823842e-07
cuda,117,0.007920389926888708,38869352,0.0006557294372689434,6.4722413571893425,0.0553,0.0984,0.0118,0.48863235116958215,2.346124903304572e-05
haxe,20,0.0013539128080151638,21593989,0.00036429252165978357,6.429291062915751,0.3215,0.4323,0.0073,1.0,3.7697360282167396e-05
tsql,127,0.00859734633089629,35995484,0.000607247027620714,6.284545730256787,0.0495,0.1728,0.0037,1.0,1.3816513985156729e-05
jsonnet,36,0.002437043054427295,23836435,0.00040212278581458586,6.2295716431525285,0.173,0.3173,0.0072,0.995976708499866,1.6027990232095375e-05
pascal,83,0.00561873815326293,40164432,0.0006775775524528101,6.2008599521027135,0.0747,0.2285,0.0017,0.9609289468851246,2.9279350019723635e-06
glsl,244,0.016517736257785,27248528,0.00045968509924855565,6.161652739250065,0.0253,0.0771,0.0032,0.7828953221728262,1.1073799061666968e-07
d,43,0.002910912537232602,33249338,0.0005609192995114736,6.0846828798480495,0.1415,0.3196,0.002,0.9750064413180368,2.3280733650788177e-09
crystal,17,0.0011508258868128892,11497215,0.0001939590431584775,5.5699279844446385,0.3276,0.4539,0.0099,1.0,2.8737502398221908e-05
twig,76,0.005144868670457623,21892344,0.00036932579713750124,5.041199670399042,0.0663,0.1106,0.0201,0.6733205035307929,8.956400243614087e-06
ejs,138,0.00934199837530463,4695703,7.9216928694157e-05,4.933652251681383,0.0358,0.0792,0.0049,0.45349875683265023,3.286902736504055e-05
sass,73,0.004941781749255348,2007266,3.38627565653547e-05,4.508434633921088,0.0618,0.1549,0.0041,0.9448056376449193,2.0083656152357704e-06
yara,18,0.0012185215272136475,15410501,0.00025997652723313956,4.418366434538057,0.2455,0.3581,0.0306,0.9996483495244666,2.0777664011187975e-05
xslt,232,0.0157053885729759,18516986,0.0003123832064320728,4.284148578849052,0.0185,0.0929,0.0011,1.0,2.5950575521858883e-06
elm,25,0.0016923910100189548,5529600,9.328484550816151e-05,3.934983982516558,0.1574,0.2829,0.0145,0.9865324454482911,2.3118989602306372e-05
solidity,35,0.0023693474140265365,12676538,0.0002138543274212129,3.8617319059854567,0.1103,0.1762,0.0339,0.7405678893880577,3.52159916530971e-05
qml,44,0.0029786081776333605,18088441,0.00030515361403510104,3.7871484340727735,0.0861,0.1701,0.016,0.9231324763317883,3.2638386208981775e-05
matlab,107,0.007243433522881126,8141607,0.00013734963671570573,3.779991102403757,0.0353,0.1052,0.0016,0.71477836157774,1.0780129486883803e-06
actionscript,32,0.002166260492824262,8462491,0.00014276297843410143,3.621632140607502,0.1132,0.2531,0.0126,1.0,4.385108393280532e-06
webassembly,24,0.0016246953696181965,46070706,0.0007772169219585377,3.5216868843827944,0.1467,0.2748,0.0059,0.8550800437676391,4.991116355400035e-05
openscad,10,0.0006769564040075819,79315733,0.0013380634945152612,3.5096619571137344,0.351,0.4647,0.0476,1.0,1.1313706693060248e-05
scheme,58,0.003926347143243975,40525696,0.0006836721083750577,3.180775605171796,0.0548,0.1831,0.0006,0.8657094780129255,1.1487006655641825e-06
inno setup,107,0.007243433522881126,6905318,0.00011649333094884383,3.1346979382735305,0.0293,0.0759,0.002,0.4465686706629055,1.700400932832716e-05
smarty,249,0.016856214459788788,15298529,0.0002580875495998135,3.0960647698172674,0.0124,0.0349,0.0012,0.32366075629461344,2.032460838544563e-06
gnuplot,41,0.002775521256431086,1916261,3.232749409330062e-05,3.0376916395097666,0.0741,0.2514,0.0002,1.0,5.0975059407853264e-06
markdown,3,0.00020308692120227456,5612105,9.467671222160388e-05,2.981189652865789,0.9937,0.006,0.9936,0.9998001352388868,0.9878164731352316
haml,41,0.002775521256431086,4781762,8.066875170478831e-05,2.944340379519688,0.0718,0.1642,0.0177,0.9646095455858381,8.607202374528508e-06
nix,103,0.006972650961278094,49909869,0.0008419839444078378,2.6894610004963737,0.0261,0.1339,0.0013,0.9643238133601446,1.5580153377421705e-05
mustache,173,0.011711345789331168,7178013,0.00012109371993644657,2.5836967942307,0.0149,0.0516,0.0013,0.5248291595993303,3.3982688131219936e-07
visual basic,6,0.00040617384240454913,887867,1.4978395530742701e-05,2.5447169730448023,0.4241,0.4837,0.2718,1.0,5.328712138024493e-05
postscript,51,0.0034524776604386675,8108335,0.0001367883351062317,2.4857978329463903,0.0487,0.1056,0.0021,0.4019223893426603,1.3619473755519223e-07
shaderlab,31,0.002098564852423504,4647078,7.839662060445171e-05,2.4397852099107964,0.0787,0.1099,0.0228,0.39946692694646746,3.957088469274431e-06
reason,14,0.0009477389656106146,3458487,5.834498435456181e-05,2.280450718902589,0.1629,0.3296,0.0046,0.953271706025884,3.672964118369543e-06
mathematica,21,0.001421608448415922,94422697,0.0015929193254681977,2.2424492020972586,0.1068,0.2389,0.0029,1.0,1.4810858983272615e-06
svelte,27,0.0018277822908204712,1357081,2.2894077587359183e-05,2.230789913215191,0.0826,0.1617,0.0173,0.7479532986355324,0.0001239115496828991
hack,84,0.005686433793663688,21229533,0.0003581441164126549,2.216585930891611,0.0264,0.116,0.0003,1.0,2.2955086307681254e-07
digital command language,57,0.003858651502843217,5227177,8.818294250738123e-05,2.205652468118974,0.0387,0.1653,0.0006,0.9099212334506452,2.046135964885527e-06
smali,6,0.00040617384240454913,4068730,6.863983822779623e-05,2.0720668586504125,0.3453,0.4435,0.1212,0.9684910183592456,0.005217082360714186
freemarker,78,0.005280259951259139,8400043,0.000141709475100715,2.0401334635482047,0.0262,0.0915,0.0021,0.6756913119670641,8.100781936077161e-07
nim,16,0.001083130246412131,11745210,0.00019814274094164384,2.0216972308041,0.1264,0.3358,0.0009,0.999541582305077,1.9578832441280778e-05
purescript,11,0.0007446520444083401,875810,1.4774992864674289e-05,2.0209437190461563,0.1837,0.3528,0.0015,0.9869539082617826,3.4307906600155073e-06
nunjucks,14,0.0009477389656106146,694291,1.1712751134387112e-05,2.0102021196390645,0.1436,0.2384,0.019,0.8195665127364814,0.0002001823916074556
visual basic .net,46,0.003113999458434877,79192583,0.0013359859430243162,1.8610284317202155,0.0405,0.1551,0.0016,1.0,1.6642221895809562e-06
swig,79,0.005347955591659897,13904501,0.0002345701728249923,1.8402382048400732,0.0233,0.0916,0.0017,0.7438380290166556,9.9775350255824e-07
hlsl,69,0.004670999187652315,19639636,0.00033132241212683146,1.8122594456950472,0.0263,0.0475,0.0064,0.2674266804298986,2.7127876094898752e-05
raku,81,0.005483346872461413,17428175,0.00029401486768739204,1.8034143456339156,0.0223,0.1089,0.0007,0.9344997797970538,4.345606966628446e-06
gdscript,6,0.00040617384240454913,708169,1.194687423297693e-05,1.7726516028563966,0.2954,0.4562,0.0039,0.9498696468079211,0.0002788186582576617
asl,14,0.0009477389656106146,5003551,8.441035192911008e-05,1.7191769468646583,0.1228,0.3032,0.0014,0.9173793383608615,1.0853622975527975e-05
nsis,152,0.010289737340915246,4196610,7.079718524088645e-05,1.7133630022593715,0.0113,0.0517,0.0017,0.5389374866652443,2.564093744518077e-05
autohotkey,7,0.0004738694828053073,822103,1.386895098140844e-05,1.7036321024215049,0.2434,0.4226,0.0006,0.9901369247770614,5.791191227734321e-05
livescript,10,0.0006769564040075819,654592,1.104302546131338e-05,1.6852024766693587,0.1685,0.3057,0.0062,0.9724428536978512,0.00018457781374678762
yacc,189,0.012794476035743298,24384181,0.00041136330972006067,1.6230682196395152,0.0086,0.0161,0.0028,0.11934847242157064,2.2108417533134185e-05
vhdl,13,0.0008800433252098565,355112884,0.005990786046350131,1.5661188121559564,0.1205,0.2721,0.0048,0.8461353515893162,9.231257777334678e-07
vim snippet,26,0.001760086650419713,2857237,4.82018431939386e-05,1.5220187094776032,0.0585,0.1952,0.0015,0.9899871268598844,7.242315192282175e-06
pov-ray sdl,26,0.001760086650419713,67875891,0.0011450723389872344,1.4964084000808842,0.0576,0.1448,0.0011,0.6856122934699463,2.556224554856542e-06
racket,15,0.0010154346060113728,23983116,0.000404597307375636,1.469878205715913,0.098,0.2613,0.0026,0.9878451962736832,2.937251515330002e-05
awk,146,0.009883563498510696,2689315,4.536898406716244e-05,1.4641995640837564,0.01,0.0826,0.0003,0.98526617542884,3.48113250117151e-07
f*,4,0.00027078256160303275,16998440,0.0002867651998842146,1.3495052585093086,0.3374,0.3888,0.3317,0.6859276696065623,0.00020306069218612355
tcl,88,0.005957216355266721,16232487,0.00027384350441410593,1.3459300156515472,0.0153,0.0421,0.001,0.2509556762623474,2.450220059670469e-07
verilog,20,0.0013539128080151638,24022120,0.00040525530833668207,1.3275720787455894,0.0664,0.1487,0.0021,0.5317541722551896,1.9156034907659293e-07
fortran,50,0.0033847820200379095,70602945,0.0011910779833525435,1.3146630220703153,0.0263,0.0779,0.0013,0.4844279464822973,2.9934898331481155e-07
coq,12,0.0008123476848090983,16738782,0.00028238474625014376,1.2459993364593163,0.1038,0.1938,0.0024,0.537973261171187,2.150925121167403e-06
standard ml,49,0.0033170863796371515,43619379,0.0007358628166914325,1.1499741049098886,0.0235,0.1044,0.0008,0.7215483889906508,3.3989871130150736e-07
processing,21,0.001421608448415922,1741571,2.9380458202491025e-05,1.1071378924304176,0.0527,0.2142,0.0025,0.9870648123673014,7.774717969288737e-05
meson,87,0.005889520714865963,3327226,5.6130599569722626e-05,1.0791412196745291,0.0124,0.0218,0.0071,0.14563689353677353,2.7042702849534e-06
antlr,66,0.004467912266450041,6321265,0.000106640304713026,1.0532793212038665,0.016,0.0784,0.0012,0.6357876464185838,1.0921177011650469e-05
lex,156,0.010560519902518278,10200777,0.00017208801839341134,1.0201389322079801,0.0065,0.0245,0.001,0.23518363496897784,2.9260714015261686e-06
autoit,7,0.0004738694828053073,404560,6.824963306347986e-06,1.0050760950902198,0.1436,0.3776,0.0009,1.0,5.9684122924259476e-05
yaml,1,6.769564040075819e-05,52866,8.918541382079114e-07,1.0,1.0,1.0,1.0,1.0,1.0
moonscript,9,0.0006092607636068237,664849,1.1216061966734606e-05,0.9931325174058658,0.1103,0.2151,0.0019,0.560936284687424,0.00038829928136136193
restructuredtext,1,6.769564040075819e-05,10363118,0.00017482672555209198,0.9912283554462514,0.9912283554462514,0.9912283554462514,0.9912283554462514,0.9912283554462514,0.9912283554462514
stan,3,0.00020308692120227456,22945678,0.00038709563572591517,0.9402000681563957,0.3134,0.5201,0.0264,0.9137528282155417,2.1596210469756452e-05
factor,4,0.00027078256160303275,15329324,0.00025860706399821916,0.9163782688827039,0.2291,0.4529,0.0036,0.9083967752832739,0.0007274009742764565
dm,2,0.00013539128080151638,24634496,0.0004155861461102834,0.9118881991685869,0.4559,0.6436,0.4559,0.9110505859254806,0.0008376132431062226
pony,4,0.00027078256160303275,3516780,5.9328392467120995e-05,0.8970530801489998,0.2243,0.2875,0.1459,0.6040471674429155,0.0012470303518016112
zig,5,0.00033847820200379094,25531275,0.00043071488787640815,0.8781893444209933,0.1756,0.3869,0.0031,0.8678133136101216,0.00017602811599134904
cartocss,2,0.00013539128080151638,565942,9.547492049439371e-06,0.872185808339094,0.4361,0.5965,0.4361,0.8579052773150587,0.014280531024035294
llvm,33,0.0022339561332250205,12463317,0.00021025727012157175,0.8620537354363514,0.0261,0.0766,0.0006,0.39797263426975726,1.4159260501246555e-05
nesc,4,0.00027078256160303275,16421223,0.00027702749757849913,0.8573741032089754,0.2143,0.2672,0.1518,0.5536944050100822,1.2023816223262163e-05
red,2,0.00013539128080151638,5930615,0.0001000500043481238,0.8533833933029935,0.4267,0.602,0.4267,0.8523914828835256,0.0009919104194678952
metal,25,0.0016923910100189548,1470806,2.481262848713777e-05,0.7855373657046085,0.0314,0.1018,0.0013,0.4950387057811614,1.6948813552667624e-05
systemverilog,15,0.0010154346060113728,26018740,0.00043893846593189787,0.7540037764509517,0.0503,0.131,0.0024,0.49910557884621826,2.3390593308641144e-05
classic asp,18,0.0012185215272136475,7184350,0.00012120062569201393,0.7498169520306579,0.0417,0.117,0.0003,0.47846285190634424,2.491264873855009e-06
arc,10,0.0006769564040075819,705717,1.1905508774139762e-05,0.7495293325498187,0.075,0.2355,0.0005,0.745285069155521,5.929765362305543e-07
robotframework,16,0.001083130246412131,2026650,3.418976637534642e-05,0.7294136338607475,0.0456,0.0894,0.0028,0.28467682826680313,7.820808843930736e-05
dhall,11,0.0007446520444083401,347834,5.867990623641105e-06,0.7033047826526706,0.0639,0.2045,0.0012,0.6804465159468551,2.7469553231954525e-05
zeek,5,0.00033847820200379094,4233082,7.141247113595547e-05,0.6916306331079638,0.1383,0.1921,0.018,0.42876627978194337,0.0009257830581700355
objective-j,6,0.00040617384240454913,7179537,0.0001211194299524612,0.6791076190771899,0.1132,0.259,0.0082,0.6418515921052597,2.06413486618038e-05
frege,1,6.769564040075819e-05,2899927,4.892202730395441e-05,0.6782604567006335,0.6782604567006335,0.6782604567006335,0.6782604567006335,0.6782604567006335,0.6782604567006335
g-code,7,0.0004738694828053073,35681110,0.0006019435101833256,0.6093363677662561,0.087,0.1297,0.0074,0.28002610122030036,0.00011899544319354361
q#,4,0.00027078256160303275,1247328,2.1042534682075392e-05,0.5964356822132938,0.1491,0.1699,0.1488,0.29887206666975874,2.8895255819799087e-06
chapel,4,0.00027078256160303275,20230505,0.00034129042489096666,0.5951742561206483,0.1488,0.2916,0.0043,0.5861435463418269,0.0005290188903828774
mercury,4,0.00027078256160303275,228239,3.850412299974189e-06,0.5611331555720575,0.1403,0.2184,0.0466,0.4633075006161514,0.0047170851059139905
ren'py,1,6.769564040075819e-05,6903178,0.00011645722895785219,0.559010802323799,0.559010802323799,0.559010802323799,0.559010802323799,0.559010802323799,0.559010802323799
ada,28,0.0018954779312212293,13250603,0.00022353885520561733,0.5503844659451315,0.0197,0.0647,0.0018,0.3418061892744522,1.8633565007996328e-06
hy,8,0.0005415651232060655,320786,5.41168844964936e-06,0.5340453003914681,0.0668,0.1766,0.0039,0.5036408019834298,0.00048493398285097097
qmake,122,0.0082588681288925,2432658,4.103915757092614e-05,0.5279478121400135,0.0043,0.0064,0.0014,0.03263778949375938,2.4742278722504345e-06
vcl,9,0.0006092607636068237,178856,3.0173166826185865e-06,0.4964432504628595,0.0552,0.1382,0.0012,0.4186234687428293,1.8287457179586556e-05
vbscript,66,0.004467912266450041,1132387,1.9103469753770706e-05,0.4937847441817722,0.0075,0.0222,0.0002,0.09641682952152994,1.9627154773145014e-07
mako,53,0.003587868941240184,1581021,2.667196537365434e-05,0.4638617539480174,0.0088,0.0335,0.0004,0.2231988040145771,2.7937453583674032e-05
renderscript,12,0.0008123476848090983,711801,1.2008146397127257e-05,0.45138165143073433,0.0376,0.0758,0.0001,0.2197556217270767,3.046665575423871e-06
sourcepawn,32,0.002166260492824262,2161170,3.645913078104627e-05,0.4459596355067364,0.0139,0.0353,0.0006,0.14776822804959905,7.424440616546761e-07
asp.net,47,0.003181695098835635,6428036,0.00010844154101217096,0.43422548499463554,0.0092,0.0176,0.0005,0.07247156633115992,1.6254957668883976e-06
terra,13,0.0008800433252098565,963824,1.625979689978629e-05,0.41811770692297856,0.0322,0.0764,0.0026,0.2794046925802937,3.008449425761464e-08
common workflow language,4,0.00027078256160303275,963267,1.625040026007491e-05,0.4154827316691899,0.1039,0.1343,0.0572,0.3008666528096563,0.00013295894498203928
ragel,35,0.0023693474140265365,1289590,2.1755498393892872e-05,0.4060439866725555,0.0116,0.0221,0.0018,0.10510356909476155,2.752716134772504e-05
nasl,70,0.004738694828053073,7701910,0.0001299319090834354,0.40565990420788384,0.0058,0.0189,0.0003,0.11769871046169528,1.1457807857008958e-07
nu,3,0.00020308692120227456,374042,6.310121922664162e-06,0.39987204552089445,0.1333,0.23,0.0006,0.39885661097570435,0.00046289152908501776
openedge abl,16,0.001083130246412131,870539,1.4686070624245772e-05,0.3895241593242365,0.0243,0.0878,0.0006,0.3528448007731093,3.9275104997785164e-07
logos,21,0.001421608448415922,1425492,2.404817726293406e-05,0.357652750125881,0.017,0.0403,0.0022,0.18335682729432243,7.258644703440638e-06
dafny,1,6.769564040075819e-05,2742610,4.626807547365793e-05,0.35731906667964297,0.35731906667964297,0.35731906667964297,0.35731906667964297,0.35731906667964297,0.35731906667964297
sed,85,0.005754129434064446,323446,5.456562887050205e-06,0.3549672913610474,0.0042,0.0276,0.0001,0.2519830028328612,4.26790629788075e-07
idris,3,0.00020308692120227456,1211025,2.0430099832089355e-05,0.3318393884851778,0.1106,0.1867,0.0044,0.32624396822180834,0.0012343774108933806
slim,26,0.001760086650419713,167432,2.8245927830444334e-06,0.3295527155442522,0.0127,0.024,0.0012,0.09722961837532526,5.374697001456543e-06
prolog,33,0.0022339561332250205,1503247,2.535991105244634e-05,0.3284908738964221,0.01,0.0337,0.0004,0.17037381164239218,2.725516640525869e-06
odin,2,0.00013539128080151638,2051427,3.460775657665496e-05,0.3221114841927119,0.1611,0.2248,0.1611,0.31998514054360794,0.002126343649103948
liquid,23,0.0015569997292174385,420962,7.101666510200863e-06,0.31943219712127213,0.0139,0.0333,0.0018,0.15335894856892757,2.6459110169541356e-07
cobol,14,0.0009477389656106146,3022101,5.098311358779305e-05,0.3121463458252647,0.0223,0.0418,0.0026,0.1315355624692008,1.6020300925332582e-06
io,7,0.0004738694828053073,832715,1.4047976368512862e-05,0.30599771935245873,0.0437,0.1054,0.0005,0.28200917466823716,1.0067431475712114e-05
closure templates,4,0.00027078256160303275,462398,7.800695528299131e-06,0.3041287843502252,0.076,0.111,0.0263,0.24128211376224126,0.010255482779024268
tla,4,0.00027078256160303275,6659509,0.0001123465111807746,0.30097826905113817,0.0752,0.136,0.0104,0.2790049377577244,0.0012005856281994164
smalltalk,85,0.005754129434064446,2188535,3.6920780773329764e-05,0.2797864509076014,0.0033,0.0095,0.0003,0.07547116950865931,4.605360884460663e-09
agda,5,0.00033847820200379094,2864119,4.831794314814635e-05,0.275033971254654,0.055,0.1194,0.0015,0.2685977633551514,0.0006560338755938769
zephir,4,0.00027078256160303275,2716748,4.583178122551483e-05,0.27171167405120605,0.0679,0.1219,0.0108,0.25014671511001463,6.325796108890385e-05
applescript,55,0.0037232602220417005,151180,2.5504200925788227e-06,0.25472908192092736,0.0046,0.0147,0.0004,0.10361049708099529,1.6634084193488151e-06
lfe,2,0.00013539128080151638,217235,3.6647738378843802e-06,0.25212522660514075,0.1261,0.1767,0.1261,0.2509783742535302,0.0011468523516105552
ballerina,3,0.00020308692120227456,9297330,0.00015684678687217797,0.24831780726714897,0.0828,0.1417,0.0017,0.24638961856809244,0.00020887730531216842
thrift,58,0.003926347143243975,1710957,2.886399729023935e-05,0.23056175969762557,0.004,0.0073,0.0011,0.03736989615364591,2.3815206200775796e-05
gap,41,0.002775521256431086,2519115,4.2497694877078326e-05,0.2147977233713659,0.0052,0.0137,0.0015,0.0869581920821081,6.913576575132869e-06
scilab,22,0.0014893040888166802,2433322,4.10503593101871e-05,0.1817656006701137,0.0083,0.024,0.0001,0.10947246766674829,2.5165505375746124e-07
plsql,55,0.0037232602220417005,1854954,3.1293239531746644e-05,0.17918883001105718,0.0033,0.0109,0.0009,0.08053228741680957,1.5630401297993182e-06
open policy agent,7,0.0004738694828053073,243047,4.100224581565056e-06,0.17394943733855098,0.0248,0.0544,0.0015,0.14749089039455157,5.964677714724209e-05
xtend,3,0.00020308692120227456,136089,2.2958335757306485e-06,0.16593376953811476,0.0553,0.0885,0.0057,0.15752382525004718,0.002701379065814198
futhark,1,6.769564040075819e-05,707917,1.1942622970486324e-05,0.16587472506204043,0.16587472506204043,0.16587472506204043,0.16587472506204043,0.16587472506204043,0.16587472506204043
marko,4,0.00027078256160303275,182017,3.0706430347328986e-06,0.15576338583650298,0.0389,0.0646,0.0103,0.1348696735715752,0.0003165514108761428
cap'n proto,16,0.001083130246412131,643048,1.0848277151029415e-05,0.1529967455934748,0.0096,0.0223,0.0025,0.08996351311865576,2.290615895257751e-06
rebol,11,0.0007446520444083401,1035277,1.7465215386854914e-05,0.15055104361966787,0.0137,0.0432,0.0001,0.14382831582194117,7.356711833649063e-07
sage,11,0.0007446520444083401,275565,4.648806143745755e-06,0.14383562377248565,0.0131,0.0264,0.003,0.08729973360940321,0.0002672465106109012
saltstack,9,0.0006092607636068237,438904,7.4043496514963336e-06,0.1408059038496913,0.0156,0.0295,0.0014,0.09177942731348071,6.445642898763795e-05
yasnippet,5,0.00033847820200379094,231643,3.9078380837758714e-06,0.13619017337677583,0.0272,0.0312,0.0177,0.07322110567949103,0.00023089573769019558
nearley,7,0.0004738694828053073,73562,1.2409975052935795e-06,0.1341277095751959,0.0192,0.0293,0.0011,0.07738389104964659,0.0001020266196725873
vba,24,0.0016246953696181965,655827,1.1063860021535201e-05,0.1313626425313035,0.0055,0.01,0.0016,0.04643516116958757,2.4171299150110884e-06
fluent,7,0.0004738694828053073,733812,1.237947393157462e-05,0.13053591631813544,0.0186,0.0438,0.0001,0.1177077667411193,3.9105428901109684e-08
apex,8,0.0005415651232060655,1065420,1.7973730487070574e-05,0.12603473748151087,0.0158,0.0387,0.0023,0.11131421932314378,2.404980158913689e-05
gdb,69,0.004670999187652315,218727,3.6899440110430493e-06,0.12311661075363105,0.0018,0.0072,0.0,0.0526277358938318,3.4576951004460425e-07
aidl,24,0.0016246953696181965,344935,5.819084234909884e-06,0.12009812412522572,0.005,0.0109,0.0012,0.052359348705667726,3.696504590651688e-06
perl 6,6,0.00040617384240454913,92320,1.5574466394157754e-06,0.1161237482971632,0.0194,0.0471,0.0001,0.11553299972231905,5.441789126313e-06
dogescript,2,0.00013539128080151638,12124,2.0453296204805958e-07,0.11299964632051035,0.0565,0.077,0.0565,0.11097174057404265,0.0020279057464676967
angelscript,3,0.00020308692120227456,1496208,2.5241162494226585e-05,0.10870000241339126,0.0362,0.0606,0.0025,0.10613873712789043,3.235526468455897e-05
peg.js,9,0.0006092607636068237,167789,2.830615404906126e-06,0.10537263520436141,0.0117,0.0275,0.0012,0.0845135969930696,0.00017037003692547598
rescript,5,0.00033847820200379094,6021585,0.00010158467636705418,0.10487874891871503,0.021,0.0437,0.0023,0.09911275768274264,5.988383415471641e-05
volt,6,0.00040617384240454913,639195,1.0783276697155183e-05,0.09662236107026052,0.0161,0.0274,0.0005,0.06723292619185424,5.7599275296390815e-05
brainfuck,12,0.0008123476848090983,175649,2.963214306398847e-06,0.08899053909881537,0.0074,0.0103,0.002,0.031505890957658246,8.80502677021639e-07
xs,29,0.0019631735716219875,2991975,5.047488527909461e-05,0.0869554241781197,0.003,0.0076,0.0002,0.03290656662018595,1.3952337475129944e-06
apacheconf,2,0.00013539128080151638,26841,4.5281006551731835e-07,0.08097238493281772,0.0405,0.0561,0.0405,0.08012798311150693,0.0008444018213107938
jasmin,6,0.00040617384240454913,48811,8.234459263054963e-07,0.07971472582267244,0.0133,0.0297,0.0001,0.07365843541341428,8.78355262204417e-06
raml,7,0.0004738694828053073,139554,2.3542884349764852e-06,0.07915808795845922,0.0113,0.0178,0.0021,0.049541336947910006,6.31527596070692e-05
supercollider,10,0.0006769564040075819,2515884,4.2443187618716624e-05,0.0782324518185068,0.0078,0.0152,0.0019,0.048419065295147154,2.560984433163519e-06
v,8,0.0005415651232060655,19632525,0.00033120244892218583,0.07608048748825884,0.0095,0.0176,0.0004,0.04987747972881853,4.453778116030786e-06
zenscript,1,6.769564040075819e-05,1840418,3.104801591443135e-05,0.07333777244871408,0.07333777244871408,0.07333777244871408,0.07333777244871408,0.07333777244871408,0.07333777244871408
api blueprint,6,0.00040617384240454913,125045,2.1095203100709014e-06,0.07242702134561932,0.0121,0.017,0.0052,0.045442824043405064,0.0006358085515756875
aspectj,8,0.0005415651232060655,199387,3.363676484978263e-06,0.06759175857269263,0.0084,0.0178,0.0024,0.05219867546765287,0.0006231775576019435
slash,5,0.00033847820200379094,960580,1.6205070330264356e-05,0.06447813425640463,0.0129,0.0284,0.0003,0.06374984144975458,9.132844016576178e-06
apl,5,0.00033847820200379094,27172,4.583940650585512e-07,0.06197436185601023,0.0124,0.0267,0.0005,0.06015869956611464,2.326861009748179e-05
forth,22,0.0014893040888166802,1190560,2.008485345562008e-05,0.05755983674572277,0.0026,0.0064,0.0002,0.02548905187334856,1.9054134998612169e-06
faust,3,0.00020308692120227456,1214220,2.0483999767238117e-05,0.056639880785344404,0.0189,0.0327,0.0,0.05663127154767941,3.0585005693350624e-06
cycript,1,6.769564040075819e-05,9417,1.5886563045253852e-07,0.05644194576970104,0.05644194576970104,0.05644194576970104,0.05644194576970104,0.05644194576970104,0.05644194576970104
slice,2,0.00013539128080151638,1735675,2.9280992156282235e-05,0.05641251880409187,0.0282,0.0272,0.0282,0.047436708743814435,0.008975810060277435
openqasm,5,0.00033847820200379094,475406,8.020141649242809e-06,0.05446901314985389,0.0109,0.0156,0.0023,0.037229429097582034,0.0005152913765778174
latte,1,6.769564040075819e-05,47632,8.035560910815881e-07,0.05437436715254891,0.05437436715254891,0.05437436715254891,0.05437436715254891,0.05437436715254891,0.05437436715254891
emberscript,6,0.00040617384240454913,144709,2.441253745052182e-06,0.05373379803436425,0.009,0.0189,0.0008,0.047310309084534596,2.0033071306503224e-06
ampl,14,0.0009477389656106146,142012,2.3957551143491453e-06,0.05135542831156918,0.0037,0.012,0.0001,0.0453552135477066,2.0288560990614014e-08
xbase,7,0.0004738694828053073,31745,5.355409831916572e-07,0.0506515535141131,0.0072,0.0181,0.0001,0.04831705865496947,5.656979035070701e-07
gcc machine description,2,0.00013539128080151638,10771335,0.0001817133827748215,0.04969201408788511,0.0248,0.0175,0.0248,0.037192495067842335,0.012499519020042775
newlisp,19,0.0012862171676144057,244451,4.123910186869863e-06,0.04818548844832262,0.0025,0.0069,0.0007,0.030420495523888823,2.084745523221324e-06
kaitai struct,5,0.00033847820200379094,68255,1.1514679416521203e-06,0.04706360120114056,0.0094,0.0155,0.0023,0.036860357812639535,0.0004439369068727555
dtrace,39,0.0026401299756295695,3661250,6.176561426084281e-05,0.046283722177670336,0.0012,0.0021,0.0002,0.008310928700489901,7.538663048263043e-07
bicep,4,0.00027078256160303275,331462,5.591793522465682e-06,0.04583592719647333,0.0115,0.0228,0.0001,0.04563579051132907,9.473014752058016e-07
pawn,30,0.0020308692120227455,842122,1.4206673298072915e-05,0.04371609552838065,0.0015,0.0047,0.0001,0.024996794499972524,1.953331857625564e-06
ags script,6,0.00040617384240454913,588305,9.924757855302185e-06,0.04173198200447672,0.007,0.012,0.0024,0.031114912638862534,3.61492928951865e-05
game maker language,7,0.0004738694828053073,104591,1.7644595045833553e-06,0.03932328018931534,0.0056,0.0131,0.0007,0.03514392374380784,6.1583155118525e-06
protocol buffer,4,0.00027078256160303275,89461,1.5092150542544918e-06,0.038554880591638405,0.0096,0.0136,0.0043,0.029744633325544213,0.00023958646243902934
beef,2,0.00013539128080151638,153138,2.583451727327264e-06,0.036374015758689496,0.0182,0.0176,0.0182,0.030642977779541655,0.005731037979147839
turing,7,0.0004738694828053073,30431,5.1337368591921e-07,0.036320613507011525,0.0052,0.0116,0.0004,0.0314552902078986,8.006244302506054e-06
asymptote,3,0.00020308692120227456,30145,5.085488403941567e-07,0.03544303503631693,0.0118,0.0094,0.0112,0.02154990089671055,0.002715388271430577
smt,4,0.00027078256160303275,3048317,5.1425379847530094e-05,0.034981436659643414,0.0087,0.0171,0.0003,0.03433573917536985,4.835087921415461e-05
mirc script,6,0.00040617384240454913,130377,2.199471625943572e-06,0.03483928105923574,0.0058,0.0138,0.0002,0.03400247090608011,1.8079248461690405e-05
inform 7,2,0.00013539128080151638,7975,1.3453896175629126e-07,0.030860146178157095,0.0154,0.0197,0.0154,0.029341792228390166,0.0015183539497669294
webidl,1,6.769564040075819e-05,105561,1.78082349115434e-06,0.030170759277863602,0.030170759277863602,0.030170759277863602,0.030170759277863602,0.030170759277863602,0.030170759277863602
stata,9,0.0006092607636068237,199597,3.3672192037204346e-06,0.03006894001764371,0.0033,0.0045,0.0027,0.014506108035726429,2.8403985386859617e-07
groff,3,0.00020308692120227456,28098,4.740157677026046e-07,0.030045789119548923,0.01,0.0119,0.0052,0.023613302187539497,0.0012257633162469357
maxscript,8,0.0005415651232060655,2934778,4.9509966784351715e-05,0.02954531020280398,0.0037,0.0034,0.0034,0.007637464267047359,4.28639863566265e-05
parrot,1,6.769564040075819e-05,454926,7.674642221434803e-06,0.028154814532326922,0.028154814532326922,0.028154814532326922,0.028154814532326922,0.028154814532326922,0.028154814532326922
puppet,12,0.0008123476848090983,145871,2.4608567887588665e-06,0.02573957642513829,0.0021,0.0025,0.0007,0.0067691314049532275,0.00016909079835134342
wdl,1,6.769564040075819e-05,600882,1.0136932967779786e-05,0.025590076766141896,0.025590076766141896,0.025590076766141896,0.025590076766141896,0.025590076766141896,0.025590076766141896
asp,7,0.0004738694828053073,79701,1.344562983189739e-06,0.02536605020560101,0.0036,0.0087,0.0002,0.02338695934270259,4.1679991089105355e-05
purebasic,9,0.0006092607636068237,22247,3.753088755099952e-07,0.025124440649776578,0.0028,0.0077,0.0002,0.023389750822755052,1.5558829136135898e-05
m,14,0.0009477389656106146,126101,2.127335124317252e-06,0.02345784932908828,0.0017,0.0045,0.0003,0.017073057808802375,3.243001526959975e-05
lilypond,4,0.00027078256160303275,5788,9.764407656995784e-08,0.02305133600565442,0.0058,0.011,0.0004,0.02226287830361276,5.232372396683515e-05
logtalk,3,0.00020308692120227456,77190,1.302202189086912e-06,0.0228137712261227,0.0076,0.0062,0.0106,0.011796808660719985,0.00046289152908501776
qt script,13,0.0008800433252098565,110360,1.8617830494575927e-06,0.0227279410565417,0.0017,0.0014,0.002,0.004249683150832217,7.65273915496522e-05
coldfusion,10,0.0006769564040075819,222612,3.75548430777323e-06,0.022404158823985325,0.0022,0.0028,0.0013,0.008747347573132972,1.1572652624943003e-05
rpc,10,0.0006769564040075819,889676,1.5008913522193125e-05,0.021825739832233227,0.0022,0.0036,0.0004,0.011692748466878986,1.9385484069862114e-05
powerbuilder,1,6.769564040075819e-05,25949,4.3776194590771183e-07,0.02150258745344034,0.02150258745344034,0.02150258745344034,0.02150258745344034,0.02150258745344034,0.02150258745344034
limbo,9,0.0006092607636068237,121505,2.049800194131432e-06,0.021449363070687445,0.0024,0.0032,0.0006,0.007935283355743162,6.010055251725798e-06
bitbake,5,0.00033847820200379094,11940,2.0142886562634705e-07,0.01931021767116905,0.0039,0.0053,0.0025,0.012941204509163707,7.105507333444412e-05
jq,13,0.0008800433252098565,36346,6.131602638237194e-07,0.01810815703576697,0.0014,0.003,0.0002,0.008944621930095514,4.772358863977006e-06
xquery,6,0.00040617384240454913,18779,3.1680340599641297e-07,0.017456383011866288,0.0029,0.0058,0.0006,0.014770516132578465,6.461110249270281e-06
max,9,0.0006092607636068237,353173,5.958060030138514e-06,0.017031326445527385,0.0019,0.0047,0.0001,0.014340645974042126,1.3034161630526416e-06
xml,1,6.769564040075819e-05,524594,8.849947599194966e-06,0.016956500841547897,0.016956500841547897,0.016956500841547897,0.016956500841547897,0.016956500841547897,0.016956500841547897
nextflow,2,0.00013539128080151638,100708,1.6989529480316714e-06,0.01582520722282014,0.0079,0.0112,0.0079,0.015811738999749206,1.3468223070935935e-05
clean,9,0.0006092607636068237,99928,1.68579427841789e-06,0.015677804959402193,0.0017,0.0021,0.0011,0.006751449248854944,2.5433036590731827e-05
cweb,1,6.769564040075819e-05,169996,2.867847691877428e-06,0.014570477084642921,0.014570477084642921,0.014570477084642921,0.014570477084642921,0.014570477084642921,0.014570477084642921
mlir,1,6.769564040075819e-05,66105,1.1151972497679792e-06,0.012467428712824977,0.012467428712824977,0.012467428712824977,0.012467428712824977,0.012467428712824977,0.012467428712824977
e,10,0.0006769564040075819,26037,4.3924651376157433e-07,0.01192833876022896,0.0012,0.0025,0.0002,0.008084533011843132,1.654557785513387e-07
1c enterprise,7,0.0004738694828053073,373368,6.298751482510715e-06,0.011750489263525872,0.0017,0.0038,0.0001,0.010253230959988554,2.1168373868348072e-05
module management system,24,0.0016246953696181965,438652,7.400098389005727e-06,0.011716946940930556,0.0005,0.0009,0.0,0.0029044376501017794,1.502226596409335e-06
squirrel,3,0.00020308692120227456,141514,2.387353809903423e-06,0.011700491974401896,0.0039,0.0061,0.0005,0.010945791427881827,0.0002918090174350524
abap,2,0.00013539128080151638,8638,1.457238309280055e-07,0.010457738354467646,0.0052,0.0052,0.0052,0.00891476659085092,0.0015429717636167258
riot,3,0.00020308692120227456,21208,3.5778085278086833e-07,0.009594829641724723,0.0032,0.0046,0.0008,0.008529410540078029,0.00025199761091359267
hyphy,1,6.769564040075819e-05,432,7.287878555325119e-09,0.009522340026891793,0.009522340026891793,0.009522340026891793,0.009522340026891793,0.009522340026891793,0.009522340026891793
rexx,4,0.00027078256160303275,11374,1.9188039511173124e-07,0.009160499624389298,0.0023,0.0037,0.0007,0.007798250177912532,5.706483406141928e-05
sieve,4,0.00027078256160303275,2444,4.123049812318192e-08,0.009081691244709112,0.0023,0.002,0.0022,0.004617143265400896,0.00010801409875918804
piglatin,8,0.0005415651232060655,14406,2.430305057129946e-07,0.00886330364303688,0.0011,0.0018,0.0004,0.00524814703580534,2.0949786336700744e-06
sqlpl,8,0.0005415651232060655,276049,4.656971266941999e-06,0.00881769333633569,0.0011,0.001,0.0009,0.0033506886628088843,3.70713458302442e-05
boogie,1,6.769564040075819e-05,66017,1.1137126819141167e-06,0.008600979659882371,0.008600979659882371,0.008600979659882371,0.008600979659882371,0.008600979659882371,0.008600979659882371
smpl,25,0.0016923910100189548,384777,6.491222330746142e-06,0.008569355541158974,0.0003,0.0005,0.0001,0.0018149913521827953,9.719534474203987e-07
codeql,7,0.0004738694828053073,16049,2.7074806234817784e-07,0.008151556429666619,0.0012,0.0025,0.0001,0.006677254756192343,2.1303157055274763e-05
sas,16,0.001083130246412131,52277,8.819176556405815e-07,0.008141532663115389,0.0005,0.0009,0.0001,0.0030784804003588257,4.230109304348211e-06
eiffel,3,0.00020308692120227456,26302,4.4371708741241036e-07,0.008118510906702216,0.0027,0.002,0.0026,0.004758128469468675,0.0007177471673557072
uno,1,6.769564040075819e-05,673806,1.1367167356132863e-05,0.0070959643331237245,0.0070959643331237245,0.0070959643331237245,0.0070959643331237245,0.0070959643331237245,0.0070959643331237245
q,4,0.00027078256160303275,18811,3.17343248852363e-07,0.00660681437140836,0.0017,0.0018,0.001,0.0042541935768289725,0.00030318196640652595
lolcode,4,0.00027078256160303275,8359,1.4101707602769137e-07,0.0062941006844718286,0.0016,0.001,0.0017,0.002688624476708885,0.0002481685750501998
xonsh,3,0.00020308692120227456,9748,1.6444962999377142e-07,0.006246111482322966,0.0021,0.0006,0.0022,0.002593098199212778,0.0014422638430768829
omgrofl,1,6.769564040075819e-05,239,4.031951330376628e-09,0.005268146450062821,0.005268146450062821,0.005268146450062821,0.005268146450062821,0.005268146450062821,0.005268146450062821
labview,1,6.769564040075819e-05,1549,2.6131768245830115e-08,0.004685618870732578,0.004685618870732578,0.004685618870732578,0.004685618870732578,0.004685618870732578,0.004685618870732578
stringtemplate,6,0.00040617384240454913,36739,6.197902088983554e-07,0.004504063369244225,0.0008,0.0011,0.0001,0.0027666940566722737,5.920058806868495e-06
augeas,2,0.00013539128080151638,8900,1.501437943110962e-07,0.004203594898358736,0.0021,0.0003,0.0021,0.002306024949670577,0.0018975699486881595
csound,2,0.00013539128080151638,48643,8.206117513117587e-07,0.004167270131658263,0.0021,0.0025,0.0021,0.003835386955275861,0.0003318831763824019
basic,8,0.0005415651232060655,5766,9.727293460649221e-08,0.0038024199693159812,0.0005,0.0008,0.0001,0.0018015732047703629,1.7990289741112234e-06
freebasic,4,0.00027078256160303275,86880,1.465673353904274e-06,0.003581726248036594,0.0009,0.001,0.0008,0.0020175954843682014,2.6955747873001855e-05
flux,2,0.00013539128080151638,10631,1.79345918800142e-07,0.003264625774820019,0.0016,0.0015,0.0016,0.0027259591703753397,0.0005386666044446795
oz,1,6.769564040075819e-05,138,2.328072316284413e-09,0.003041858619701545,0.003041858619701545,0.003041858619701545,0.003041858619701545,0.003041858619701545,0.003041858619701545
modula-2,1,6.769564040075819e-05,137,2.311202227035975e-09,0.003019816165935592,0.003019816165935592,0.003019816165935592,0.003019816165935592,0.003019816165935592,0.003019816165935592
ec,10,0.0006769564040075819,50892,8.585525820314953e-07,0.0028691962055872686,0.0003,0.0006,0.0,0.00204994820023365,4.368629669570401e-06
csound document,2,0.00013539128080151638,33228,5.605593255470903e-07,0.0028542195722369413,0.0014,0.0016,0.0014,0.002550043286166186,0.00030417628607075543
jsoniq,3,0.00020308692120227456,1084,1.8287176745306547e-08,0.0028280282802152727,0.0009,0.0015,0.0001,0.002723356495617872,2.069302963790055e-05
clips,5,0.00033847820200379094,21547,3.6349981303608874e-07,0.0027756186431628273,0.0006,0.0007,0.0005,0.001753110603353673,1.3750622673077127e-05
nwscript,1,6.769564040075819e-05,124,2.091891066806284e-09,0.0027332642669782,0.0027332642669782,0.0027332642669782,0.0027332642669782,0.0027332642669782,0.0027332642669782
blitzbasic,4,0.00027078256160303275,3773,6.365084673435573e-08,0.002690921070530008,0.0007,0.0007,0.0005,0.001653184032446492,2.5811101454008837e-05
unrealscript,3,0.00020308692120227456,19116,3.224886260731365e-07,0.002523990557235247,0.0008,0.0014,0.0001,0.002446712368020808,1.9967945771509618e-05
lean,1,6.769564040075819e-05,4539,7.657333509865907e-08,0.0024347814892237184,0.0024347814892237184,0.0024347814892237184,0.0024347814892237184,0.0024347814892237184,0.0024347814892237184
nemerle,2,0.00013539128080151638,2528,4.264758562005069e-08,0.002329940168789927,0.0012,0.0016,0.0012,0.0022703727378931824,5.956743089674456e-05
cool,2,0.00013539128080151638,17513,2.954458730078908e-07,0.002286345568856225,0.0011,0.001,0.0011,0.001851566116340071,0.0004347794525161542
fantom,1,6.769564040075819e-05,94,1.5857883893531508e-09,0.0020719906539996033,0.0020719906539996033,0.0020719906539996033,0.0020719906539996033,0.0020719906539996033,0.0020719906539996033
idl,2,0.00013539128080151638,2487,4.195591196086475e-08,0.0019842617191268884,0.001,0.0009,0.001,0.0016087721746332548,0.00037548954449363357
modula-3,3,0.00020308692120227456,1851,3.122653519885832e-08,0.0018619570794866994,0.0006,0.001,0.0001,0.001763396301276258,2.1874164729748913e-05
gaml,1,6.769564040075819e-05,77,1.2989968721297087e-09,0.0016972689399783983,0.0016972689399783983,0.0016972689399783983,0.0016972689399783983,0.0016972689399783983,0.0016972689399783983
lsl,1,6.769564040075819e-05,74,1.2483866043843954e-09,0.0016311415786805386,0.0016311415786805386,0.0016311415786805386,0.0016311415786805386,0.0016311415786805386,0.0016311415786805386
fancy,3,0.00020308692120227456,10512,1.7733837817957788e-07,0.0016016093370808291,0.0005,0.0002,0.0005,0.0007040143377359462,0.00039061856272795876
golo,1,6.769564040075819e-05,72,1.2146464258875198e-09,0.0015870566711486322,0.0015870566711486322,0.0015870566711486322,0.0015870566711486322,0.0015870566711486322,0.0015870566711486322
lasso,1,6.769564040075819e-05,72,1.2146464258875198e-09,0.0015870566711486322,0.0015870566711486322,0.0015870566711486322,0.0015870566711486322,0.0015870566711486322,0.0015870566711486322
holyc,1,6.769564040075819e-05,65,1.0965558011484554e-09,0.0014327594947869597,0.0014327594947869597,0.0014327594947869597,0.0014327594947869597,0.0014327594947869597,0.0014327594947869597
urweb,2,0.00013539128080151638,5887,9.931421540555318e-08,0.001381841337924421,0.0007,0.0002,0.0007,0.0008025569359446743,0.0005792844019797469
genie,2,0.00013539128080151638,535,9.02549774791421e-09,0.0013808479025350445,0.0007,0.0008,0.0007,0.0012784623184252872,0.00010238558410975735
pike,2,0.00013539128080151638,1395,2.3533774501570697e-08,0.0012939556435786457,0.0006,0.0009,0.0006,0.0012564198646593339,3.753577891931182e-05
gosu,2,0.00013539128080151638,159,2.6823441905016064e-09,0.0012603696899342262,0.0006,0.0008,0.0006,0.0012123349571274275,4.8034732806798764e-05
ring,2,0.00013539128080151638,1435,2.420857807150821e-08,0.0011568622885692707,0.0006,0.0003,0.0006,0.0007600981207821126,0.00039676416778715805
j,2,0.00013539128080151638,865,1.4592627199898676e-08,0.001127090830612607,0.0006,0.0007,0.0006,0.0010359953269998016,9.109550361280536e-05
redcode,1,6.769564040075819e-05,10861,1.8322603932728266e-07,0.00110338328544488,0.00110338328544488,0.00110338328544488,0.00110338328544488,0.00110338328544488,0.00110338328544488
ceylon,1,6.769564040075819e-05,50,8.435044624218887e-10,0.0011021226882976614,0.0011021226882976614,0.0011021226882976614,0.0011021226882976614,0.0011021226882976614,0.0011021226882976614
moocode,1,6.769564040075819e-05,48,8.097642839250132e-10,0.0010580377807657547,0.0010580377807657547,0.0010580377807657547,0.0010580377807657547,0.0010580377807657547,0.0010580377807657547
component pascal,2,0.00013539128080151638,36126,6.09448844189063e-07,0.0010052853630437536,0.0005,0.0004,0.0005,0.0007648865438665626,0.00024039881917719104
ats,1,6.769564040075819e-05,44,7.422839269312621e-10,0.0009698679657019419,0.0009698679657019419,0.0009698679657019419,0.0009698679657019419,0.0009698679657019419,0.0009698679657019419
ooc,1,6.769564040075819e-05,44,7.422839269312621e-10,0.0009698679657019419,0.0009698679657019419,0.0009698679657019419,0.0009698679657019419,0.0009698679657019419,0.0009698679657019419
xproc,2,0.00013539128080151638,158,2.6654741012531682e-09,0.0008694186411224997,0.0004,0.0005,0.0004,0.0008155707893402693,5.384785178223039e-05
p4,1,6.769564040075819e-05,9242,1.559133648340619e-07,0.0008387089689860088,0.0008387089689860088,0.0008387089689860088,0.0008387089689860088,0.0008387089689860088,0.0008387089689860088
zimpl,2,0.00013539128080151638,2150,3.6270691884141214e-08,0.000691665335437804,0.0003,0.0004,0.0003,0.0006592944593785433,3.237087605926071e-05
xc,2,0.00013539128080151638,43932,7.411367608623683e-07,0.0006862726139845756,0.0003,0.0004,0.0003,0.0006168333988641923,6.943921512038324e-05
shellsession,1,6.769564040075819e-05,3837,6.473053244625574e-08,0.0006489936961180468,0.0006489936961180468,0.0006489936961180468,0.0006489936961180468,0.0006489936961180468,0.0006489936961180468
objectscript,1,6.769564040075819e-05,14758,2.489687771284447e-07,0.0006329491234653943,0.0006329491234653943,0.0006329491234653943,0.0006329491234653943,0.0006329491234653943,0.0006329491234653943
hiveql,4,0.00027078256160303275,5533,9.33422038116062e-08,0.0006109679467329521,0.0002,0.0001,0.0001,0.00030859435272334514,5.065367915104434e-05
clarion,2,0.00013539128080151638,9064,1.5291048894784e-07,0.000602298318285844,0.0003,0.0003,0.0003,0.0005167108281063467,8.558749017949726e-05
mcfunction,1,6.769564040075819e-05,25,4.2175223121094436e-10,0.0005510613441488307,0.0005510613441488307,0.0005510613441488307,0.0005510613441488307,0.0005510613441488307,0.0005510613441488307
self,1,6.769564040075819e-05,23,3.8801205271406884e-10,0.0005069764366169242,0.0005069764366169242,0.0005069764366169242,0.0005069764366169242,0.0005069764366169242,0.0005069764366169242
ioke,1,6.769564040075819e-05,22,3.7114196346563103e-10,0.00048493398285097097,0.00048493398285097097,0.00048493398285097097,0.00048493398285097097,0.00048493398285097097,0.00048493398285097097
singularity,1,6.769564040075819e-05,1419,2.3938656643533202e-08,0.00046777942568290357,0.00046777942568290357,0.00046777942568290357,0.00046777942568290357,0.00046777942568290357,0.00046777942568290357
nit,1,6.769564040075819e-05,21,3.5427187421719327e-10,0.00046289152908501776,0.00046289152908501776,0.00046289152908501776,0.00046289152908501776,0.00046289152908501776,0.00046289152908501776
tea,1,6.769564040075819e-05,21,3.5427187421719327e-10,0.00046289152908501776,0.00046289152908501776,0.00046289152908501776,0.00046289152908501776,0.00046289152908501776,0.00046289152908501776
boo,1,6.769564040075819e-05,20,3.374017849687555e-10,0.0004408490753190645,0.0004408490753190645,0.0004408490753190645,0.0004408490753190645,0.0004408490753190645,0.0004408490753190645
opa,1,6.769564040075819e-05,20,3.374017849687555e-10,0.0004408490753190645,0.0004408490753190645,0.0004408490753190645,0.0004408490753190645,0.0004408490753190645,0.0004408490753190645
shen,1,6.769564040075819e-05,19,3.2053169572031775e-10,0.0004188066215531113,0.0004188066215531113,0.0004188066215531113,0.0004188066215531113,0.0004188066215531113,0.0004188066215531113
x10,1,6.769564040075819e-05,2354,3.9712190090822525e-08,0.0003981577171388799,0.0003981577171388799,0.0003981577171388799,0.0003981577171388799,0.0003981577171388799,0.0003981577171388799
igor pro,4,0.00027078256160303275,11581,1.9537250358615787e-07,0.000394597849820253,0.0001,0.0002,0.0,0.00033901341731425204,2.4752044408549096e-06
al,1,6.769564040075819e-05,32735,5.522423715476106e-07,0.00036943995408403655,0.00036943995408403655,0.00036943995408403655,0.00036943995408403655,0.00036943995408403655,0.00036943995408403655
brightscript,1,6.769564040075819e-05,517,8.72183614144233e-09,0.00027732584929029795,0.00027732584929029795,0.00027732584929029795,0.00027732584929029795,0.00027732584929029795,0.00027732584929029795
lookml,1,6.769564040075819e-05,1306,2.2032336558459734e-08,0.00023627668470160932,0.00023627668470160932,0.00023627668470160932,0.00023627668470160932,0.00023627668470160932,0.00023627668470160932
dylan,1,6.769564040075819e-05,1284,2.1661194594994102e-08,0.00023141322832988137,0.00023141322832988137,0.00023141322832988137,0.00023141322832988137,0.00023141322832988137,0.00023141322832988137
krl,3,0.00020308692120227456,15675,2.644386489692621e-07,0.00022130778313015481,0.0001,0.0001,0.0,0.0002084460382141657,6.115848730062054e-06
modelica,1,6.769564040075819e-05,1346,2.2707140128397246e-08,0.00015031174051950016,0.00015031174051950016,0.00015031174051950016,0.00015031174051950016,0.00015031174051950016,0.00015031174051950016
rascal,4,0.00027078256160303275,2825,4.7658002126836715e-08,0.00013401536261201086,0.0,0.0001,0.0,0.0001204728772199613,2.3921367748811156e-06
cue,1,6.769564040075819e-05,384,6.478114271400106e-09,0.00011832944705327321,0.00011832944705327321,0.00011832944705327321,0.00011832944705327321,0.00011832944705327321,0.00011832944705327321
isabelle,3,0.00020308692120227456,856,1.4440796396662736e-08,0.00011109769100303247,0.0,0.0,0.0,7.315343092437472e-05,2.0045465342671106e-06
scaml,1,6.769564040075819e-05,70,1.1809062473906443e-09,9.036035710413128e-05,9.036035710413128e-05,9.036035710413128e-05,9.036035710413128e-05,9.036035710413128e-05,9.036035710413128e-05
harbour,2,0.00013539128080151638,1912,3.225561064301303e-08,5.1971424391685776e-05,0.0,0.0,0.0,4.961795131677455e-05,2.3534730749112257e-06
csound score,1,6.769564040075819e-05,1586,2.6755961548022312e-08,2.6443539658190074e-05,2.6443539658190074e-05,2.6443539658190074e-05,2.6443539658190074e-05,2.6443539658190074e-05,2.6443539658190074e-05
kit,1,6.769564040075819e-05,826,1.3934693719209602e-08,9.87296364447281e-06,9.87296364447281e-06,9.87296364447281e-06,9.87296364447281e-06,9.87296364447281e-06,9.87296364447281e-06
filebench wml,2,0.00013539128080151638,1329,2.2420348611173804e-08,3.365928219118655e-06,0.0,0.0,0.0,3.3405675178803875e-06,2.5360701238267515e-08
srecode template,2,0.00013539128080151638,5,8.435044624218888e-11,7.955916468705064e-07,0.0,0.0,0.0,7.335173157765149e-07,6.207433109399149e-08
chuck,1,6.769564040075819e-05,39,6.579334806890732e-10,5.007421988031116e-08,5.007421988031116e-08,5.007421988031116e-08,5.007421988031116e-08,5.007421988031116e-08,5.007421988031116e-08
